"alias","pop","parent","dims","gating_method","gating_args","collapseDataForGating","groupBy","preprocessing_method","preprocessing_args"
"scatter","+","root","FSC-A,SSC-A","polygon_gate","matrix(c(252765.565846699,303413.802845247,578361.375123078,578361.375123078,477064.901125982,260001.028275063,2591871.42537776,2094930.88248465,2190234.54824497,2455723.33143444,2721212.11462391,2585064.02068059),ncol=2)","FALSE","NA","NA","NA"
"singlets","+","/scatter","FSC-A,FSC-H","polygon_gate","matrix(c(377680.774803745,482979.241850787,501639.729681908,402561.42524524,380790.856108932,368724.211895823,469911.974897395,457874.768889773,364586.422330703,369852.699959037),ncol=2)","FALSE","NA","NA","NA"
