"alias","pop","parent","dims","gating_method","gating_args","collapseDataForGating","groupBy","preprocessing_method","preprocessing_args"
"singlets","+","root","FSC-A,FSC-H","polygon_gate","matrix(c(616611.479589161,3533491.03666262,3259024.26282755,180553.842527392,630258.856352186,156973.080032208,2650171.35277315,3320424.03159328,418354.142089418,156976.07486191),ncol=2)","FALSE","NA","NA","NA"
"nonRBCs","+","/singlets","SSC-A,SSC-B-A","polygon_gate","matrix(c(132421.148377926,3871370.36890491,4119173.42722786,669331.963722064,124803.448505183,381677.91339746,3350988.49771097,2509114.61925693,111387.680905692,415706.875844757),ncol=2)","FALSE","NA","NA","NA"
"scatter","+","/singlets/nonRBCs","FSC-A,SSC-A","polygon_gate","matrix(c(1152647.32736187,1212057.72652477,1212057.72652477,1543953.40859295,1792357.40649467,2058337.09173673,1992998.3793549,1679855.50796867,1395120.45899309,1395120.45899309,1161803.5071589,1249380.0218859,922943.31723081,922943.31723081,654365.086215299,863548.839729343,1412100.22276153,1784856.80393957,2080915.23581335,1860770.57654146,1860770.57654146,1257635.44773846),ncol=2)","FALSE","NA","NA","NA"
